Accuracy,F1-score,Precision,Recall,AUC,Model
0.7888297872340425,0.6420689753777051,0.7465491250276719,0.5649057539682539,0.8539985631080389,SVM
0.7851063829787235,0.6200524142020326,0.7693671634263969,0.5222222222222221,0.8551122607846903,RandomForest
