Model,Accuracy,F1-score,Precision,Recall,Sensitivity,Specificity,AUC
SVM,0.7641843971631206,0.5957446808510638,0.7050359712230215,0.5157894736842106,0.5157894736842106,0.8903743315508021,0.8239938080495356
RandomForest,0.7606382978723404,0.5714285714285714,0.72,0.47368421052631576,0.47368421052631576,0.9064171122994652,0.8253377427526035
